trade_id,session_id,timestamp,symbol,strategy,side,trade_type,price,size,notional_value,entry_reason,rsi_value,bb_position,confidence,entry_price,exit_price,pnl,pnl_pct,hold_time_candles,exit_reason,stop_loss_price,take_profit_price,account_equity,total_pnl,win_count,loss_count,mode
20260119_195301_0001,20260119_195301,2026-01-19T19:53:50.081260,ETH-PERP,RSI_v2,short,entry,3502.772622748834,1.427440641601282,5000.0,RSI=76.3 BB=0.39,76.33372284905059,0.3914548756517943,,,,,,,,3508.0267816829573,3485.2587596350895,500,,,,paper
20260119_195301_0002,20260119_195301,2026-01-19T19:53:52.088287,BTC-PERP,COMBO_v1,long,entry,100048.7392606841,0.04997564224144939,5000.0,RSI=21.6 BB=0.01,21.586801773854617,0.011464559630092415,,,,,,,,99748.59304290205,100649.0316962482,500,,,,paper
20260119_195301_0003,20260119_195301,2026-01-19T19:53:52.093816,BTC-PERP,BB_v1,long,entry,100048.7392606841,0.04997564224144939,5000.0,RSI=21.6 BB=0.01,21.586801773854617,0.011464559630092415,,,,,,,,99848.64178216274,100348.88547846614,500,,,,paper
20260119_195301_0004,20260119_195301,2026-01-19T19:53:56.102706,SOL-PERP,COMBO_v1,short,entry,200.39488444452957,24.95073671096643,5000.0,RSI=74.9 BB=0.99,74.92937117124565,0.9876057324944347,,,,,,,,200.99606909786314,199.1925151378624,500,,,,paper
20260119_195301_0005,20260119_195301,2026-01-19T19:53:56.105483,SOL-PERP,RSI_v2,short,entry,200.39488444452957,24.95073671096643,5000.0,RSI=74.9 BB=0.99,74.92937117124565,0.9876057324944347,,,,,,,,200.69547677119638,199.39291002230692,500,,,,paper
20260119_195301_0006,20260119_195301,2026-01-19T19:53:56.106484,SOL-PERP,BB_v1,short,entry,200.39488444452957,24.95073671096643,5000.0,RSI=74.9 BB=0.99,74.92937117124565,0.9876057324944347,,,,,,,,200.79567421341864,199.793699791196,500,,,,paper
20260119_195301_0007,20260119_195301,2026-01-19T19:54:00.133636,ETH-PERP,COMBO_v1,short,entry,3504.720293509691,1.4266473730469682,5000.0,RSI=81.9 BB=0.78,81.9452729522709,0.7764505107474167,,,,,,,,3515.23445439022,3483.691971748633,500,,,,paper
20260119_200221_0001,20260119_200221,2026-01-19T20:03:15.942862,SOL-PERP,COMBO_v1,long,entry,198.53839651151486,25.184045443370998,5000.0,RSI=12.0 BB=0.11,11.962620998426573,0.10868557559993237,,,,,,,,197.9427813219803,199.72962689058394,500,,,,paper
20260119_200221_0002,20260119_200221,2026-01-19T20:03:15.944867,SOL-PERP,RSI_v2,long,entry,198.53839651151486,25.184045443370998,5000.0,RSI=12.0 BB=0.11,11.962620998426573,0.10868557559993237,,,,,,,,198.2405889167476,199.5310884940724,500,,,,paper
20260119_200221_0003,20260119_200221,2026-01-19T20:03:15.945861,SOL-PERP,BB_v1,long,entry,198.53839651151486,25.184045443370998,5000.0,RSI=12.0 BB=0.11,11.962620998426573,0.10868557559993237,,,,,,,,198.14131971849184,199.1340117010494,500,,,,paper
20260119_200221_0004,20260119_200221,2026-01-19T20:03:17.959149,ETH-PERP,COMBO_v1,short,entry,3495.4568351001844,1.4304281917578574,5000.0,RSI=65.4 BB=0.96,65.39172912707122,0.9557376742989911,,,,,,,,3505.9432056054848,3474.4840940895833,500,,,,paper
20260119_200221_0005,20260119_200221,2026-01-19T20:03:17.961388,ETH-PERP,BB_v1,short,entry,3495.4568351001844,1.4304281917578574,5000.0,RSI=65.4 BB=0.96,65.39172912707122,0.9557376742989911,,,,,,,,3502.447748770385,3484.9704645948837,500,,,,paper
20260119_200221_0002,20260119_200221,2026-01-19T20:03:17.962396,SOL-PERP,RSI_v2,long,stop_loss,198.2405889167476,25.184045443370998,5000.0,,,,,198.53839651151486,198.2405889167476,-7.499999999999424,-0.14999999999998848,2,stop_loss,,,492.50000000000057,-7.499999999999424,0,1,paper
20260119_200221_0006,20260119_200221,2026-01-19T20:03:18.968110,ETH-PERP,RSI_v2,short,entry,3495.621375616214,1.4303608608408258,5000.0,RSI=81.3 BB=0.94,81.25816929104468,0.9445032023637349,,,,,,,,3500.864807679639,3478.143268738133,492.50000000000057,,,,paper
20260119_200221_0006,20260119_200221,2026-01-19T20:03:26.029476,ETH-PERP,RSI_v2,short,stop_loss,3500.864807679639,1.4303608608408258,5000.0,,,,,3495.621375616214,3500.864807679639,-7.500000000000591,-0.15000000000001182,7,stop_loss,,,485.0,-15.000000000000014,0,2,paper
20260119_200221_0007,20260119_200221,2026-01-19T20:03:27.034688,BTC-PERP,BB_v1,long,entry,99956.88144482805,0.05002156857764503,5000.0,RSI=43.5 BB=0.04,43.53126575261474,0.041710522125480855,,,,,,,,99756.96768193839,100256.75208916252,485.0,,,,paper
20260119_200221_0008,20260119_200221,2026-01-19T20:03:27.037687,ETH-PERP,RSI_v2,short,entry,3504.8542816986014,1.4265928332908573,5000.0,RSI=85.1 BB=1.00,85.12056563002727,1,,,,,,,,3510.1115631211496,3487.3300102901085,485.0,,,,paper
20260119_200221_0005,20260119_200221,2026-01-19T20:03:27.038686,ETH-PERP,BB_v1,short,stop_loss,3502.447748770385,1.4304281917578574,5000.0,,,,,3495.4568351001844,3502.447748770385,-10.000000000000002,-0.20000000000000004,9,stop_loss,,,475.0,-25.000000000000014,0,3,paper
20260119_200221_0004,20260119_200221,2026-01-19T20:03:28.042773,ETH-PERP,COMBO_v1,short,stop_loss,3505.9432056054848,1.4304281917578574,5000.0,,,,,3495.4568351001844,3505.9432056054848,-14.999999999999678,-0.2999999999999936,10,stop_loss,,,460.00000000000034,-39.999999999999694,0,4,paper
20260119_200221_0009,20260119_200221,2026-01-19T20:03:28.044780,ETH-PERP,BB_v1,short,entry,3505.8104860492517,1.4262037323171373,5000.0,RSI=100.0 BB=1.00,100.0,1,,,,,,,,3512.8221070213503,3495.293054591104,460.00000000000034,,,,paper
20260119_200221_0010,20260119_200221,2026-01-19T20:03:29.057970,ETH-PERP,COMBO_v1,short,entry,3509.5330044946318,1.4246909755789556,5000.0,RSI=100.0 BB=1.00,100.0,1,,,,,,,,3520.0616035081152,3488.475806467664,460.00000000000034,,,,paper
20260119_200221_0008,20260119_200221,2026-01-19T20:03:30.064272,ETH-PERP,RSI_v2,short,stop_loss,3510.1115631211496,1.4265928332908573,5000.0,,,,,3504.8542816986014,3510.1115631211496,-7.50000000000043,-0.1500000000000086,3,stop_loss,,,452.4999999999999,-47.50000000000013,0,5,paper
20260119_200221_0011,20260119_200221,2026-01-19T20:03:30.066627,SOL-PERP,RSI_v2,short,entry,198.67472231717556,25.166764758416107,5000.0,RSI=76.6 BB=0.74,76.60047976961103,0.7350331437522725,,,,,,,,198.97273440065135,197.6813487055897,452.4999999999999,,,,paper
20260119_200221_0012,20260119_200221,2026-01-19T20:03:31.069846,ETH-PERP,RSI_v2,short,entry,3510.6638755923877,1.4242320476084604,5000.0,RSI=100.0 BB=0.98,100.0,0.9753987513587073,,,,,,,,3515.9298714057763,3493.1105562144257,452.4999999999999,,,,paper
20260119_200221_0013,20260119_200221,2026-01-19T20:03:38.125349,BTC-PERP,COMBO_v1,long,entry,99877.68435337192,0.050061232720512085,5000.0,,31.459831797220033,0,,,,,,,,99578.05130031181,100476.95045949216,452.4999999999999,,,,paper
20260119_200221_0014,20260119_200221,2026-01-19T20:03:39.135028,BTC-PERP,RSI_v2,long,entry,99791.69767057049,0.05010436856687074,5000.0,,16.205475296403378,0,,,,,,,,99642.01012406463,100290.65615892333,452.4999999999999,,,,paper
20260119_200221_0007,20260119_200221,2026-01-19T20:03:40.142181,BTC-PERP,BB_v1,long,stop_loss,99756.96768193839,0.05002156857764503,5000.0,,,,,99956.88144482805,99756.96768193839,-10.000000000000043,-0.20000000000000087,13,stop_loss,,,442.49999999999983,-57.50000000000017,0,6,paper
20260119_200221_0015,20260119_200221,2026-01-19T20:03:41.151828,BTC-PERP,BB_v1,long,entry,99841.33412249219,0.05007945901309429,5000.0,RSI=34.5 BB=0.07,34.45740337918882,0.07434551670553065,,,,,,,,99641.6514542472,100140.85812485966,442.49999999999983,,,,paper
20260119_200221_0011,20260119_200221,2026-01-19T20:03:42.166825,SOL-PERP,RSI_v2,short,stop_loss,198.97273440065135,25.166764758416107,5000.0,,,,,198.67472231717556,198.97273440065135,-7.500000000000487,-0.15000000000000974,12,stop_loss,,,434.9999999999993,-65.00000000000065,0,7,paper
20260119_200221_0016,20260119_200221,2026-01-19T20:03:43.170709,SOL-PERP,RSI_v2,short,entry,199.08757331661818,25.114576046633854,5000.0,RSI=73.9 BB=1.00,73.94260780531857,1,,,,,,,,199.3862046765931,198.09213545003507,434.9999999999993,,,,paper
20260119_200221_0003,20260119_200221,2026-01-19T20:03:44.179345,SOL-PERP,BB_v1,long,take_profit,199.1340117010494,25.184045443370998,5000.0,,,,,198.53839651151486,199.1340117010494,14.999999999999563,0.2999999999999913,28,take_profit,,,449.99999999999886,-50.000000000001094,1,7,paper
20260119_200221_0017,20260119_200221,2026-01-19T20:03:45.188186,SOL-PERP,BB_v1,short,entry,199.24322066692127,25.094956723062595,5000.0,RSI=92.8 BB=1.00,92.75600674624508,1,,,,,,,,199.6417071082551,198.6454910049205,449.99999999999886,,,,paper
20260119_200221_0001,20260119_200221,2026-01-19T20:03:46.196365,SOL-PERP,COMBO_v1,long,time_exit,199.17434240949194,25.184045443370998,5000.0,,,,,198.53839651151486,199.17434240949194,16.015690394180176,0.32031380788360353,30,time_exit,,,466.01569039417905,-33.98430960582092,2,7,paper
20260119_200221_0018,20260119_200221,2026-01-19T20:03:47.205969,SOL-PERP,COMBO_v1,short,entry,199.17899608631657,25.103048505341352,5000.0,RSI=87.6 BB=0.90,87.57695935607381,0.8952903013236514,,,,,,,,199.7765330745755,197.98392210979867,466.01569039417905,,,,paper
20260119_200221_0016,20260119_200221,2026-01-19T20:03:49.227810,SOL-PERP,RSI_v2,short,stop_loss,199.3862046765931,25.114576046633854,5000.0,,,,,199.08757331661818,199.3862046765931,-7.5000000000001625,-0.15000000000000324,6,stop_loss,,,458.5156903941789,-41.48430960582108,2,8,paper
20260119_200221_0019,20260119_200221,2026-01-19T20:03:50.245522,SOL-PERP,RSI_v2,short,entry,199.50282799938077,25.062301372567607,5000.0,RSI=87.5 BB=0.98,87.54487111190372,0.9782207835369027,,,,,,,,199.80208224137985,198.50531385938388,458.5156903941789,,,,paper
20260119_200221_0009,20260119_200221,2026-01-19T20:03:58.306363,ETH-PERP,BB_v1,short,time_exit,3502.316507026893,1.4262037323171373,5000.0,,,,,3505.8104860492517,3502.316507026893,4.983125922326005,0.0996625184465201,30,time_exit,,,463.4988163165049,-36.50118368349508,3,8,paper
20260119_200221_0010,20260119_200221,2026-01-19T20:03:59.313165,ETH-PERP,COMBO_v1,short,time_exit,3502.5410463762732,1.4246909755789556,5000.0,,,,,3509.5330044946318,3502.5410463762732,9.961379632851406,0.19922759265702814,30,time_exit,,,473.46019594935626,-26.539804050643674,4,8,paper
20260119_200221_0012,20260119_200221,2026-01-19T20:04:01.330374,ETH-PERP,RSI_v2,short,time_exit,3503.8431393604687,1.4242320476084604,5000.0,,,,,3510.6638755923877,3503.8431393604687,9.714311129783212,0.19428622259566425,30,time_exit,,,483.17450707913946,-16.825492920860462,5,8,paper
20260119_200221_0020,20260119_200221,2026-01-19T20:04:04.341673,ETH-PERP,BB_v1,long,entry,3499.814093032489,1.4286473129970292,5000.0,,45.21945131438011,0,,,,,,,,3492.814464846424,3510.313535311586,483.17450707913946,,,,paper
20260119_200221_0014,20260119_200221,2026-01-19T20:04:06.355620,BTC-PERP,RSI_v2,long,stop_loss,99642.01012406463,0.05010436856687074,5000.0,,,,,99791.69767057049,99642.01012406463,-7.4999999999999485,-0.14999999999999897,27,stop_loss,,,475.6745070791395,-24.325492920860412,5,9,paper
20260119_200221_0015,20260119_200221,2026-01-19T20:04:06.356621,BTC-PERP,BB_v1,long,stop_loss,99641.6514542472,0.05007945901309429,5000.0,,,,,99841.33412249219,99641.6514542472,-10.000000000000284,-0.20000000000000567,25,stop_loss,,,465.67450707913923,-34.3254929208607,5,10,paper
20260119_200221_0021,20260119_200221,2026-01-19T20:04:06.357620,ETH-PERP,COMBO_v1,long,entry,3498.6808376320987,1.4291100652050306,5000.0,,28.691498435132345,0,,,,,,,,3488.1847951192026,3519.6729226578914,465.67450707913923,,,,paper
20260119_200221_0022,20260119_200221,2026-01-19T20:04:07.369424,ETH-PERP,RSI_v2,long,entry,3498.6293972543563,1.429131077422457,5000.0,RSI=10.7 BB=0.03,10.705647741819504,0.025388223594059844,,,,,,,,3493.381453158475,3516.1225442406276,465.67450707913923,,,,paper
20260119_200221_0013,20260119_200221,2026-01-19T20:04:08.372047,BTC-PERP,COMBO_v1,long,time_exit,99737.41681280498,0.050061232720512085,5000.0,,,,,99877.68435337192,99737.41681280498,-7.0219659914556205,-0.1404393198291124,30,time_exit,,,458.65254108768363,-41.34745891231632,5,11,paper
20260119_200221_0023,20260119_200221,2026-01-19T20:04:09.382875,BTC-PERP,RSI_v2,short,entry,99817.00818324955,0.05009166364534514,5000.0,RSI=75.7 BB=0.72,75.71287840893466,0.7179454327891043,,,,,,,,99966.73369552442,99317.9231423333,458.65254108768363,,,,paper
20260119_200221_0024,20260119_200221,2026-01-19T20:04:12.415685,BTC-PERP,COMBO_v1,short,entry,99861.2575555909,0.05006946760325538,5000.0,RSI=84.6 BB=0.85,84.57711772804498,0.845469257467765,,,,,,,,100160.84132825767,99262.09001025735,458.65254108768363,,,,paper
20260119_200221_0025,20260119_200221,2026-01-19T20:04:14.435396,BTC-PERP,BB_v1,short,entry,99916.59282046463,0.050041738402592066,5000.0,RSI=86.8 BB=0.99,86.82132843934423,0.9859504176823756,,,,,,,,100116.42600610557,99616.84304200324,458.65254108768363,,,,paper
20260119_200221_0023,20260119_200221,2026-01-19T20:04:15.439949,BTC-PERP,RSI_v2,short,stop_loss,99966.73369552442,0.05009166364534514,5000.0,,,,,99817.00818324955,99966.73369552442,-7.500000000000067,-0.15000000000000133,6,stop_loss,,,451.1525410876836,-48.847458912316384,5,12,paper
20260119_200221_0017,20260119_200221,2026-01-19T20:04:15.441949,SOL-PERP,BB_v1,short,time_exit,199.36024113146868,25.094956723062595,5000.0,,,,,199.24322066692127,199.36024113146868,-2.936623493529901,-0.05873246987059802,30,time_exit,,,448.21591759415367,-51.784082405846284,5,13,paper
20260119_200221_0026,20260119_200221,2026-01-19T20:04:16.450429,BTC-PERP,RSI_v2,short,entry,99951.72931382916,0.050024146999007535,5000.0,RSI=77.4 BB=0.94,77.40152472626211,0.9445836823105238,,,,,,,,100101.6569077999,99451.97066726002,448.21591759415367,,,,paper
20260119_200221_0027,20260119_200221,2026-01-19T20:04:16.452429,SOL-PERP,BB_v1,short,entry,199.55445384882617,25.055817615515533,5000.0,RSI=75.2 BB=0.99,75.20152870038523,0.9916336173758906,,,,,,,,199.95356275652384,198.9557904872797,448.21591759415367,,,,paper
20260119_200221_0018,20260119_200221,2026-01-19T20:04:17.454561,SOL-PERP,COMBO_v1,short,time_exit,199.49987462161866,25.103048505341352,5000.0,,,,,199.17899608631657,199.49987462161866,-8.055029436011147,-0.16110058872022293,30,time_exit,,,440.16088815814254,-59.83911184185743,5,14,paper
20260119_200221_0028,20260119_200221,2026-01-19T20:04:18.463618,SOL-PERP,COMBO_v1,short,entry,199.63843248040234,25.04527779484959,5000.0,RSI=82.6 BB=1.00,82.55187686830581,1,,,,,,,,200.23734777784352,198.44060188551992,440.16088815814254,,,,paper
20260119_200221_0019,20260119_200221,2026-01-19T20:04:20.475532,SOL-PERP,RSI_v2,short,time_exit,199.39697180268928,25.062301372567607,5000.0,,,,,199.50282799938077,199.39697180268928,2.652999903635937,0.05305999807271874,30,time_exit,,,442.81388806177847,-57.186111938221494,6,14,paper
20260119_200221_0029,20260119_200221,2026-01-19T20:04:27.533614,SOL-PERP,RSI_v2,short,entry,199.6437358695648,25.04461248544607,5000.0,RSI=72.1 BB=0.74,72.07396042717461,0.7382808024181697,,,,,,,,199.94320147336916,198.645517190217,442.81388806177847,,,,paper
20260119_200221_0024,20260119_200221,2026-01-19T20:04:33.597218,BTC-PERP,COMBO_v1,short,stop_loss,100160.84132825767,0.05006946760325538,5000.0,,,,,99861.2575555909,100160.84132825767,-14.99999999999971,-0.2999999999999942,21,stop_loss,,,427.81388806177875,-72.1861119382212,6,15,paper
20260119_200221_0026,20260119_200221,2026-01-19T20:04:33.600996,BTC-PERP,RSI_v2,short,stop_loss,100101.6569077999,0.050024146999007535,5000.0,,,,,99951.72931382916,100101.6569077999,-7.500000000000017,-0.15000000000000033,17,stop_loss,,,420.31388806177875,-79.68611193822122,6,16,paper
20260119_200221_0025,20260119_200221,2026-01-19T20:04:33.602994,BTC-PERP,BB_v1,short,stop_loss,100116.42600610557,0.050041738402592066,5000.0,,,,,99916.59282046463,100116.42600610557,-10.000000000000284,-0.20000000000000567,19,stop_loss,,,410.31388806177847,-89.6861119382215,6,17,paper
20260119_200221_0030,20260119_200221,2026-01-19T20:04:34.625658,BTC-PERP,COMBO_v1,short,entry,100190.07378607438,0.04990514340448524,5000.0,RSI=81.0 BB=1.00,81.0422390272084,1,,,,,,,,100490.6440074326,99588.93334335793,410.31388806177847,,,,paper
20260119_200221_0031,20260119_200221,2026-01-19T20:04:34.634055,BTC-PERP,RSI_v2,short,entry,100190.07378607438,0.04990514340448524,5000.0,RSI=81.0 BB=1.00,81.0422390272084,1,,,,,,,,100340.3588967535,99689.12341714402,410.31388806177847,,,,paper
20260119_200221_0032,20260119_200221,2026-01-19T20:04:34.637352,BTC-PERP,BB_v1,short,entry,100190.07378607438,0.04990514340448524,5000.0,RSI=81.0 BB=1.00,81.0422390272084,1,,,,,,,,100390.45393364654,99889.50356471616,410.31388806177847,,,,paper
20260119_200221_0020,20260119_200221,2026-01-19T20:04:34.639368,ETH-PERP,BB_v1,long,time_exit,3496.6653198201734,1.4286473129970292,5000.0,,,,,3499.814093032489,3496.6653198201734,-4.498486389011589,-0.08996972778023178,30,time_exit,,,405.8154016727669,-94.18459832723309,6,18,paper
20260119_200221_0021,20260119_200221,2026-01-19T20:04:36.652748,ETH-PERP,COMBO_v1,long,time_exit,3499.0872578492485,1.4291100652050306,5000.0,,,,,3498.6808376320987,3499.0872578492485,0.5808192230316558,0.011616384460633115,30,time_exit,,,406.39622089579854,-93.60377910420144,7,18,paper
20260119_200221_0033,20260119_200221,2026-01-19T20:04:37.665747,ETH-PERP,COMBO_v1,long,entry,3495.194778002395,1.4305354401043264,5000.0,RSI=20.7 BB=0.04,20.682902301512158,0.04387856626292325,,,,,,,,3484.709193668388,3516.1659466704095,406.39622089579854,,,,paper
20260119_200221_0022,20260119_200221,2026-01-19T20:04:37.667745,ETH-PERP,RSI_v2,long,time_exit,3495.194778002395,1.429131077422457,5000.0,,,,,3498.6293972543563,3495.194778002395,-4.908521112091033,-0.09817042224182065,30,time_exit,,,401.4876997837075,-98.51230021629247,7,19,paper
20260119_200221_0034,20260119_200221,2026-01-19T20:04:37.670741,ETH-PERP,BB_v1,long,entry,3495.194778002395,1.4305354401043264,5000.0,RSI=20.7 BB=0.04,20.682902301512158,0.04387856626292325,,,,,,,,3488.2043884463906,3505.680362336402,401.4876997837075,,,,paper
20260119_200221_0035,20260119_200221,2026-01-19T20:04:45.729689,ETH-PERP,RSI_v2,short,entry,3497.134041228725,1.4297421663149177,5000.0,RSI=85.5 BB=0.39,85.47914814261992,0.3854415927484198,,,,,,,,3502.379742290568,3479.648371022581,401.4876997837075,,,,paper
20260119_200221_0027,20260119_200221,2026-01-19T20:04:46.738666,SOL-PERP,BB_v1,short,time_exit,199.82111085163788,25.055817615515533,5000.0,,,,,199.55445384882617,199.82111085163788,-6.681309228350272,-0.13362618456700545,30,time_exit,,,394.80639055535727,-105.19360944464275,7,20,paper
20260119_200221_0029,20260119_200221,2026-01-19T20:04:47.748448,SOL-PERP,RSI_v2,short,stop_loss,199.94320147336916,25.04461248544607,5000.0,,,,,199.6437358695648,199.94320147336916,-7.500000000000075,-0.1500000000000015,20,stop_loss,,,387.3063905553572,-112.69360944464282,7,21,paper
20260119_200221_0036,20260119_200221,2026-01-19T20:04:47.752449,SOL-PERP,BB_v1,short,entry,200.0284247116754,24.996447415946463,5000.0,RSI=76.5 BB=1.00,76.52867358979739,1,,,,,,,,200.42848156109875,199.42833943754036,387.3063905553572,,,,paper
20260119_200221_0028,20260119_200221,2026-01-19T20:04:48.784209,SOL-PERP,COMBO_v1,short,time_exit,199.94090013460877,25.04527779484959,5000.0,,,,,199.63843248040234,199.94090013460877,-7.5753864235564,-0.151507728471128,30,time_exit,,,379.73100413180083,-120.26899586819921,7,22,paper
20260119_200221_0034,20260119_200221,2026-01-19T20:04:50.812387,ETH-PERP,BB_v1,long,stop_loss,3488.2043884463906,1.4305354401043264,5000.0,,,,,3495.194778002395,3488.2043884463906,-9.999999999999769,-0.19999999999999538,13,stop_loss,,,369.73100413180106,-130.26899586819897,7,23,paper
20260119_200221_0037,20260119_200221,2026-01-19T20:04:51.832607,ETH-PERP,BB_v1,long,entry,3489.3310116035127,1.4329394326227203,5000.0,,8.829960879241767,0,,,,,,,,3482.3523495803056,3499.799004638323,369.73100413180106,,,,paper
20260119_200221_0038,20260119_200221,2026-01-19T20:04:51.836603,SOL-PERP,COMBO_v1,short,entry,199.98568314873904,25.001789734524433,5000.0,RSI=76.9 BB=0.82,76.94787847511078,0.822156836582471,,,,,,,,200.58564019818525,198.7857690498466,369.73100413180106,,,,paper
20260119_200221_0039,20260119_200221,2026-01-19T20:04:51.840134,SOL-PERP,RSI_v2,short,entry,199.98568314873904,25.001789734524433,5000.0,RSI=76.9 BB=0.82,76.94787847511078,0.822156836582471,,,,,,,,200.28566167346216,198.98575473299533,369.73100413180106,,,,paper
20260119_200221_0032,20260119_200221,2026-01-19T20:05:01.930057,BTC-PERP,BB_v1,short,take_profit,99889.50356471616,0.04990514340448524,5000.0,,,,,100190.07378607438,99889.50356471616,15.000000000000155,0.3000000000000031,27,take_profit,,,384.7310041318012,-115.26899586819881,8,23,paper
20260119_200221_0037,20260119_200221,2026-01-19T20:05:03.942725,ETH-PERP,BB_v1,long,take_profit,3499.799004638323,1.4329394326227203,5000.0,,,,,3489.3310116035127,3499.799004638323,14.999999999999524,0.29999999999999044,12,take_profit,,,399.7310041318008,-100.26899586819928,9,23,paper
20260119_200221_0030,20260119_200221,2026-01-19T20:05:04.957381,BTC-PERP,COMBO_v1,short,time_exit,99867.73260226859,0.04990514340448524,5000.0,,,,,100190.07378607438,99867.73260226859,16.086483002999714,0.32172966005999426,30,time_exit,,,415.8174871348005,-84.18251286519957,10,23,paper
20260119_200221_0031,20260119_200221,2026-01-19T20:05:04.959900,BTC-PERP,RSI_v2,short,time_exit,99867.73260226859,0.04990514340448524,5000.0,,,,,100190.07378607438,99867.73260226859,16.086483002999714,0.32172966005999426,30,time_exit,,,431.90397013780023,-68.09602986219986,11,23,paper
20260119_200221_0040,20260119_200221,2026-01-19T20:05:04.961908,BTC-PERP,BB_v1,long,entry,99867.73260226859,0.05006622128804014,5000.0,RSI=22.9 BB=0.02,22.86636970092944,0.015253794132944667,,,,,,,,99667.99713706406,100167.33580007538,431.90397013780023,,,,paper
20260119_200221_0041,20260119_200221,2026-01-19T20:05:04.964900,ETH-PERP,BB_v1,short,entry,3500.0038762451773,1.428569846432292,5000.0,RSI=79.1 BB=0.96,79.0897015332984,0.9601841645439765,,,,,,,,3507.003883997668,3489.5038646164417,431.90397013780023,,,,paper
20260119_200221_0036,20260119_200221,2026-01-19T20:05:04.966902,SOL-PERP,BB_v1,short,take_profit,199.42833943754036,24.996447415946463,5000.0,,,,,200.0284247116754,199.42833943754036,15.000000000000345,0.30000000000000693,17,take_profit,,,446.90397013780057,-53.096029862199515,12,23,paper
20260119_200221_0042,20260119_200221,2026-01-19T20:05:05.978861,BTC-PERP,COMBO_v1,long,entry,99859.41406942872,0.05007039192643046,5000.0,RSI=27.8 BB=0.06,27.794428365353156,0.05953132659279816,,,,,,,,99559.83582722044,100458.57055384529,446.90397013780057,,,,paper
20260119_200221_0035,20260119_200221,2026-01-19T20:05:05.980862,ETH-PERP,RSI_v2,short,stop_loss,3502.379742290568,1.4297421663149177,5000.0,,,,,3497.134041228725,3502.379742290568,-7.50000000000015,-0.150000000000003,20,stop_loss,,,439.4039701378004,-60.596029862199664,12,24,paper
20260119_200221_0043,20260119_200221,2026-01-19T20:05:05.983959,SOL-PERP,BB_v1,long,entry,199.32444926519742,25.084730039051028,5000.0,RSI=9.8 BB=0.00,9.849249965332703,0.004978411774942674,,,,,,,,198.92580036666703,199.922422612993,439.4039701378004,,,,paper
20260119_200221_0044,20260119_200221,2026-01-19T20:05:06.997580,ETH-PERP,RSI_v2,short,entry,3501.345971248191,1.4280222637403512,5000.0,RSI=94.2 BB=0.94,94.23731555839869,0.9433945050638464,,,,,,,,3506.5979902050635,3483.83924139195,439.4039701378004,,,,paper
20260119_200221_0033,20260119_200221,2026-01-19T20:05:08.002553,ETH-PERP,COMBO_v1,long,time_exit,3500.474848434897,1.4305354401043264,5000.0,,,,,3495.194778002395,3500.474848434897,7.553327879940826,0.15106655759881651,30,time_exit,,,446.9572980177412,-53.04270198225884,13,24,paper
20260119_200221_0045,20260119_200221,2026-01-19T20:05:09.007066,ETH-PERP,COMBO_v1,short,entry,3501.424249417816,1.4279903387404005,5000.0,RSI=83.1 BB=0.87,83.13314605703124,0.8651227638664208,,,,,,,,3511.9285221660693,3480.415703921309,446.9572980177412,,,,paper
20260119_200221_0044,20260119_200221,2026-01-19T20:05:13.026502,ETH-PERP,RSI_v2,short,stop_loss,3506.5979902050635,1.4280222637403512,5000.0,,,,,3501.345971248191,3506.5979902050635,-7.5000000000005755,-0.1500000000000115,6,stop_loss,,,439.45729801774064,-60.542701982259416,13,25,paper
20260119_200221_0041,20260119_200221,2026-01-19T20:05:13.030031,ETH-PERP,BB_v1,short,stop_loss,3507.003883997668,1.428569846432292,5000.0,,,,,3500.0038762451773,3507.003883997668,-10.000000000000274,-0.20000000000000548,8,stop_loss,,,429.45729801774036,-70.54270198225969,13,26,paper
20260119_200221_0046,20260119_200221,2026-01-19T20:05:14.039144,ETH-PERP,RSI_v2,short,entry,3508.463667409834,1.4251252040729583,5000.0,RSI=82.8 BB=0.94,82.80841935422242,0.938627882721102,,,,,,,,3513.7263629109493,3490.9213490727852,429.45729801774036,,,,paper
20260119_200221_0047,20260119_200221,2026-01-19T20:05:14.044676,ETH-PERP,BB_v1,short,entry,3508.463667409834,1.4251252040729583,5000.0,RSI=82.8 BB=0.94,82.80841935422242,0.938627882721102,,,,,,,,3515.480594744654,3497.938276407605,429.45729801774036,,,,paper
20260119_200221_0043,20260119_200221,2026-01-19T20:05:15.049958,SOL-PERP,BB_v1,long,take_profit,199.922422612993,25.084730039051028,5000.0,,,,,199.32444926519742,199.922422612993,14.999999999999526,0.2999999999999905,9,take_profit,,,444.4572980177399,-55.54270198226016,14,26,paper
20260119_200221_0048,20260119_200221,2026-01-19T20:05:19.086036,BTC-PERP,RSI_v2,short,entry,100061.29752284585,0.04996937001399974,5000.0,RSI=78.7 BB=1.00,78.74322637182425,1,,,,,,,,100211.38946913012,99560.99103523162,444.4572980177399,,,,paper
20260119_200221_0049,20260119_200221,2026-01-19T20:05:19.090039,SOL-PERP,BB_v1,short,entry,199.832791229007,25.02091858522876,5000.0,RSI=81.0 BB=0.86,81.03976983139876,0.8634297015360386,,,,,,,,200.23245681146503,199.23329285531997,444.4572980177399,,,,paper
20260119_200221_0038,20260119_200221,2026-01-19T20:05:22.116483,SOL-PERP,COMBO_v1,short,time_exit,199.3810827267272,25.001789734524433,5000.0,,,,,199.98568314873904,199.3810827267272,15.116092624545166,0.3023218524909033,30,time_exit,,,459.57339064228506,-40.426609357714995,15,26,paper
20260119_200221_0039,20260119_200221,2026-01-19T20:05:22.119479,SOL-PERP,RSI_v2,short,time_exit,199.3810827267272,25.001789734524433,5000.0,,,,,199.98568314873904,199.3810827267272,15.116092624545166,0.3023218524909033,30,time_exit,,,474.6894832668302,-25.310516733169827,16,26,paper
20260119_200221_0050,20260119_200221,2026-01-19T20:05:23.196132,SOL-PERP,RSI_v2,long,entry,199.28012538252477,25.09030938435198,5000.0,RSI=14.6 BB=0.27,14.614088765874413,0.26873867898608156,,,,,,,,198.981205194451,200.27652600943736,474.6894832668302,,,,paper
20260119_200221_0049,20260119_200221,2026-01-19T20:05:23.201644,SOL-PERP,BB_v1,short,take_profit,199.23329285531997,25.02091858522876,5000.0,,,,,199.832791229007,199.23329285531997,15.000000000000144,0.3000000000000029,4,take_profit,,,489.6894832668304,-10.310516733169683,17,26,paper
20260119_200221_0051,20260119_200221,2026-01-19T20:05:29.270751,SOL-PERP,COMBO_v1,long,entry,199.11333141736532,25.111327124146214,5000.0,RSI=19.8 BB=0.09,19.813723246169445,0.09105257769298555,,,,,,,,198.5159914231132,200.3080114058695,489.6894832668304,,,,paper
20260119_200221_0052,20260119_200221,2026-01-19T20:05:29.274786,SOL-PERP,BB_v1,long,entry,199.11333141736532,25.111327124146214,5000.0,RSI=19.8 BB=0.09,19.813723246169445,0.09105257769298555,,,,,,,,198.71510475453059,199.7106714116174,489.6894832668304,,,,paper
20260119_200221_0040,20260119_200221,2026-01-19T20:05:35.331923,BTC-PERP,BB_v1,long,time_exit,100014.64851329789,0.05006622128804014,5000.0,,,,,99867.73260226859,100014.64851329789,7.355524512326785,0.1471104902465357,30,time_exit,,,497.0450077791572,-2.9549922208428976,18,26,paper
20260119_200221_0050,20260119_200221,2026-01-19T20:05:35.335958,SOL-PERP,RSI_v2,long,stop_loss,198.981205194451,25.09030938435198,5000.0,,,,,199.28012538252477,198.981205194451,-7.499999999999452,-0.14999999999998903,12,stop_loss,,,489.54500777915774,-10.45499222084235,18,27,paper
20260119_200221_0042,20260119_200221,2026-01-19T20:05:36.342351,BTC-PERP,COMBO_v1,long,time_exit,100011.44078911522,0.05007039192643046,5000.0,,,,,99859.41406942872,100011.44078911522,7.61203743799276,0.1522407487598552,30,time_exit,,,497.1570452171505,-2.8429547828495894,19,27,paper
20260119_200221_0053,20260119_200221,2026-01-19T20:05:37.362443,SOL-PERP,RSI_v2,long,entry,198.9351728311472,25.133815849869418,5000.0,,0.0,0.1684119261089484,,,,,,,,198.63677007190051,199.92984869530292,497.1570452171505,,,,paper
20260119_200221_0045,20260119_200221,2026-01-19T20:05:39.390914,ETH-PERP,COMBO_v1,short,time_exit,3497.2438491246353,1.4279903387404005,5000.0,,,,,3501.424249417816,3497.2438491246353,5.969571230729734,0.11939142461459469,30,time_exit,,,503.1266164478802,3.126616447880145,20,27,paper
20260119_200221_0047,20260119_200221,2026-01-19T20:05:39.394019,ETH-PERP,BB_v1,short,take_profit,3497.938276407605,1.4251252040729583,5000.0,,,,,3508.463667409834,3497.938276407605,14.999999999999709,0.2999999999999942,25,take_profit,,,518.1266164478799,18.126616447879854,21,27,paper
20260119_200221_0052,20260119_200221,2026-01-19T20:05:40.408604,SOL-PERP,BB_v1,long,stop_loss,198.71510475453059,25.111327124146214,5000.0,,,,,199.11333141736532,198.71510475453059,-9.999999999999995,-0.19999999999999987,11,stop_loss,,,508.1266164478799,8.12661644787986,21,28,paper
20260119_200221_0054,20260119_200221,2026-01-19T20:05:41.428410,SOL-PERP,BB_v1,long,entry,198.7284722890108,25.159957918503498,5000.0,RSI=17.9 BB=0.01,17.93674555876811,0.014392871467770914,,,,,,,,198.33101534443279,199.3246577058778,508.1266164478799,,,,paper
20260119_200221_0055,20260119_200221,2026-01-19T20:05:43.438831,BTC-PERP,COMBO_v1,long,entry,99909.80805974737,0.05004513667977357,5000.0,RSI=25.0 BB=0.02,25.00645194913494,0.017294118925345818,,,,,,,,99610.07863556813,100509.26690810586,508.1266164478799,,,,paper
20260119_200221_0056,20260119_200221,2026-01-19T20:05:43.441948,BTC-PERP,BB_v1,long,entry,99909.80805974737,0.05004513667977357,5000.0,RSI=25.0 BB=0.02,25.00645194913494,0.017294118925345818,,,,,,,,99709.98844362788,100209.5374839266,508.1266164478799,,,,paper
20260119_200221_0046,20260119_200221,2026-01-19T20:05:44.449633,ETH-PERP,RSI_v2,short,time_exit,3503.237002938016,1.4251252040729583,5000.0,,,,,3508.463667409834,3503.237002938016,7.448651272021031,0.14897302544042063,30,time_exit,,,515.5752677199009,15.575267719900891,22,28,paper
20260119_200221_0057,20260119_200221,2026-01-19T20:05:46.476830,ETH-PERP,RSI_v2,short,entry,3502.9112735854014,1.4273841412152741,5000.0,RSI=84.3 BB=0.56,84.25914603765287,0.558522147226198,,,,,,,,3508.16564049578,3485.3967172174744,515.5752677199009,,,,paper
20260119_200221_0048,20260119_200221,2026-01-19T20:05:49.501354,BTC-PERP,RSI_v2,short,time_exit,99826.27161797092,0.04996937001399974,5000.0,,,,,100061.29752284585,99826.27161797092,11.744096403570408,0.23488192807140815,30,time_exit,,,527.3193641234714,27.3193641234713,23,28,paper
20260119_200221_0058,20260119_200221,2026-01-19T20:05:49.506488,ETH-PERP,COMBO_v1,short,entry,3503.9695161675886,1.4269530533669343,5000.0,RSI=65.5 BB=0.77,65.47849340702845,0.7667410229472778,,,,,,,,3514.481424716091,3482.945699070583,527.3193641234714,,,,paper
20260119_200221_0059,20260119_200221,2026-01-19T20:05:50.519162,ETH-PERP,BB_v1,short,entry,3505.8596049313387,1.4261837504750632,5000.0,RSI=76.2 BB=1.00,76.18321635062503,1,,,,,,,,3512.8713241412015,3495.3420261165447,527.3193641234714,,,,paper
20260119_200221_0051,20260119_200221,2026-01-19T20:05:50.523177,SOL-PERP,COMBO_v1,long,stop_loss,198.5159914231132,25.111327124146214,5000.0,,,,,199.11333141736532,198.5159914231132,-15.00000000000035,-0.300000000000007,21,stop_loss,,,512.319364123471,12.31936412347095,23,29,paper
20260119_200221_0053,20260119_200221,2026-01-19T20:05:50.526700,SOL-PERP,RSI_v2,long,stop_loss,198.63677007190051,25.133815849869418,5000.0,,,,,198.9351728311472,198.63677007190051,-7.499999999999443,-0.14999999999998886,13,stop_loss,,,504.8193641234716,4.819364123471506,23,30,paper
20260119_200221_0060,20260119_200221,2026-01-19T20:05:51.541951,SOL-PERP,COMBO_v1,long,entry,198.60003279552978,25.17622947800713,5000.0,RSI=29.8 BB=0.10,29.846148815962906,0.1044700902036715,,,,,,,,198.0042326971432,199.79163299230297,504.8193641234716,,,,paper
20260119_200221_0054,20260119_200221,2026-01-19T20:05:52.549052,SOL-PERP,BB_v1,long,stop_loss,198.33101534443279,25.159957918503498,5000.0,,,,,198.7284722890108,198.33101534443279,-9.999999999999721,-0.1999999999999944,11,stop_loss,,,494.81936412347187,-5.180635876528215,23,31,paper
20260119_201430_0001,20260119_201430,2026-01-19T20:16:00.707567,ETH-PERP,BB_v1,short,entry,3527.932589904933,1.417260639930406,5000.0,RSI=53.5 BB=0.87,53.52807134247205,0.8666757293755356,,,,,,,,3534.9884550847432,3517.3487921352184,500,,,,paper
20260119_201430_0002,20260119_201430,2026-01-19T20:17:00.714859,ETH-PERP,COMBO_v1,short,entry,3530.906204469142,1.4160670690349677,5000.0,RSI=75.7 BB=0.92,75.67782528576156,0.9166832191423175,,,,,,,,3541.498923082549,3509.720767242327,500,,,,paper
20260119_201430_0003,20260119_201430,2026-01-19T20:17:00.716855,ETH-PERP,RSI_v2,short,entry,3530.906204469142,1.4160670690349677,5000.0,RSI=75.7 BB=0.92,75.67782528576156,0.9166832191423175,,,,,,,,3536.2025637758456,3513.2516734467963,500,,,,paper
20260119_201430_0001,20260119_201430,2026-01-19T20:17:00.717855,ETH-PERP,BB_v1,short,stop_loss,3534.9884550847432,1.417260639930406,5000.0,,,,,3527.932589904933,3534.9884550847432,-10.000000000000329,-0.20000000000000656,1,stop_loss,,,489.99999999999966,-10.000000000000329,0,1,paper
20260119_201430_0004,20260119_201430,2026-01-19T20:18:00.731171,BTC-PERP,BB_v1,long,entry,100311.2816107817,0.049844842172394176,5000.0,,37.78753600615876,0,,,,,,,,100110.65904756014,100612.21545561404,489.99999999999966,,,,paper
20260119_201430_0005,20260119_201430,2026-01-19T20:18:00.733177,SOL-PERP,COMBO_v1,long,entry,199.11632397004635,25.110949721792597,5000.0,,33.01511568497607,0,,,,,,,,198.5189749981362,200.31102191386663,489.99999999999966,,,,paper
20260119_201430_0006,20260119_201430,2026-01-19T20:18:00.734177,SOL-PERP,BB_v1,long,entry,199.11632397004635,25.110949721792597,5000.0,,33.01511568497607,0,,,,,,,,198.71809132210626,199.71367294195647,489.99999999999966,,,,paper
20260119_201430_0007,20260119_201430,2026-01-19T20:20:00.751251,BTC-PERP,COMBO_v1,long,entry,100206.18870424396,0.04989711777939558,5000.0,,30.146816329194635,0,,,,,,,,99905.57013813122,100807.42583646943,489.99999999999966,,,,paper
20260119_201430_0003,20260119_201430,2026-01-19T20:20:00.754265,ETH-PERP,RSI_v2,short,stop_loss,3536.2025637758456,1.4160670690349677,5000.0,,,,,3530.906204469142,3536.2025637758456,-7.500000000000172,-0.15000000000000346,3,stop_loss,,,482.4999999999995,-17.5000000000005,0,2,paper
20260119_201430_0008,20260119_201430,2026-01-19T20:20:00.757264,SOL-PERP,RSI_v2,long,entry,198.95300721768044,25.131562824427935,5000.0,,5.883024526147096,0,,,,,,,,198.65457770685393,199.94777225376882,482.4999999999995,,,,paper
20260119_201430_0006,20260119_201430,2026-01-19T20:20:00.758262,SOL-PERP,BB_v1,long,stop_loss,198.71809132210626,25.110949721792597,5000.0,,,,,199.11632397004635,198.71809132210626,-9.99999999999996,-0.19999999999999918,2,stop_loss,,,472.49999999999955,-27.500000000000462,0,3,paper
20260119_201430_0009,20260119_201430,2026-01-19T20:21:00.765207,ETH-PERP,BB_v1,short,entry,3533.3255389505757,1.4150974612673355,5000.0,RSI=68.4 BB=0.96,68.3705550176282,0.9575895786650126,,,,,,,,3540.3921900284768,3522.725562333724,472.49999999999955,,,,paper
20260119_201430_0010,20260119_201430,2026-01-19T20:22:00.772856,BTC-PERP,RSI_v2,long,entry,100128.74824702802,0.0499357086504715,5000.0,,0.0,0,,,,,,,,99978.55512465749,100629.39198826315,472.49999999999955,,,,paper
20260119_201430_0004,20260119_201430,2026-01-19T20:22:00.774843,BTC-PERP,BB_v1,long,stop_loss,100110.65904756014,0.049844842172394176,5000.0,,,,,100311.2816107817,100110.65904756014,-10.000000000000062,-0.20000000000000126,4,stop_loss,,,462.4999999999995,-37.500000000000526,0,4,paper
20260119_201430_0002,20260119_201430,2026-01-19T20:22:00.775843,ETH-PERP,COMBO_v1,short,stop_loss,3541.498923082549,1.4160670690349677,5000.0,,,,,3530.906204469142,3541.498923082549,-14.999999999999702,-0.29999999999999405,5,stop_loss,,,447.4999999999998,-52.50000000000023,0,5,paper
20260119_201430_0009,20260119_201430,2026-01-19T20:22:00.776843,ETH-PERP,BB_v1,short,stop_loss,3540.3921900284768,1.4150974612673355,5000.0,,,,,3533.3255389505757,3540.3921900284768,-9.999999999999845,-0.19999999999999693,1,stop_loss,,,437.49999999999994,-62.50000000000007,0,6,paper
20260119_201430_0008,20260119_201430,2026-01-19T20:22:00.777843,SOL-PERP,RSI_v2,long,take_profit,199.94777225376882,25.131562824427935,5000.0,,,,,198.95300721768044,199.94777225376882,24.999999999999478,0.4999999999999895,2,take_profit,,,462.49999999999943,-37.5000000000006,1,6,paper
20260119_201430_0007,20260119_201430,2026-01-19T20:23:00.786888,BTC-PERP,COMBO_v1,long,stop_loss,99905.57013813122,0.04989711777939558,5000.0,,,,,100206.18870424396,99905.57013813122,-15.000000000000322,-0.30000000000000643,3,stop_loss,,,447.4999999999991,-52.50000000000092,1,7,paper
20260119_201430_0010,20260119_201430,2026-01-19T20:23:00.788140,BTC-PERP,RSI_v2,long,stop_loss,99978.55512465749,0.0499357086504715,5000.0,,,,,100128.74824702802,99978.55512465749,-7.499999999999518,-0.14999999999999036,1,stop_loss,,,439.99999999999955,-60.00000000000043,1,8,paper
20260119_201430_0011,20260119_201430,2026-01-19T20:23:00.790152,BTC-PERP,BB_v1,long,entry,100135.64836028281,0.04993226769761616,5000.0,RSI=1.8 BB=0.07,1.8394768516023987,0.06945701614360583,,,,,,,,99935.37706356225,100436.05530536364,439.99999999999955,,,,paper
20260119_201430_0012,20260119_201430,2026-01-19T20:24:00.793645,BTC-PERP,COMBO_v1,long,entry,100150.98068894568,0.049924623459547235,5000.0,RSI=7.1 BB=0.14,7.133837253611233,0.1364229078513943,,,,,,,,99850.52774687884,100751.88657307936,439.99999999999955,,,,paper
20260119_201430_0013,20260119_201430,2026-01-19T20:24:00.795652,BTC-PERP,RSI_v2,long,entry,100150.98068894568,0.049924623459547235,5000.0,RSI=7.1 BB=0.14,7.133837253611233,0.1364229078513943,,,,,,,,100000.75421791227,100651.7355923904,439.99999999999955,,,,paper
20260119_204709_0001,20260119_204709,2026-01-19T20:48:15.249297,BTC-PERP,COMBO_v1,short,entry,100327.45233900701,0.049836808205843526,5000.0,RSI=70.0 BB=0.75,70.00222794054909,0.7536798154259136,,,,,,,,100628.43469602402,99725.48762497297,500,,,,paper
20260119_204709_0002,20260119_204709,2026-01-19T20:48:15.253293,BTC-PERP,RSI_v2,short,entry,100327.45233900701,0.049836808205843526,5000.0,RSI=70.0 BB=0.75,70.00222794054909,0.7536798154259136,,,,,,,,100477.94351751552,99825.81507731197,500,,,,paper
20260119_204845_0001,20260119_204845,2026-01-19T20:49:24.285341,BTC-PERP,COMBO_v1,short,entry,92209.9,0.054224112595285326,5000.0,RSI=65.3 BB=0.82,65.33333333325572,0.8221838177427337,,,,,,,,92486.52969999998,91656.6406,500,,,,paper
20260119_204845_0002,20260119_204845,2026-01-19T20:49:24.287343,ETH-PERP,COMBO_v1,short,entry,3182.6549999999997,1.5710153943798497,5000.0,RSI=100.0 BB=0.83,100.0,0.8264160008702094,,,,,,,,3192.2029649999995,3163.55907,500,,,,paper
20260119_204845_0003,20260119_204845,2026-01-19T20:49:24.288341,ETH-PERP,RSI_v2,short,entry,3182.6549999999997,1.5710153943798497,5000.0,RSI=100.0 BB=0.83,100.0,0.8264160008702094,,,,,,,,3187.4289825,3166.741725,500,,,,paper
20260119_204845_0004,20260119_204845,2026-01-19T20:49:24.289342,SOL-PERP,RSI_v2,short,entry,133.4515,37.46679505288438,5000.0,RSI=87.5 BB=0.71,87.50000000017764,0.7115910528333232,,,,,,,,133.65167725,132.7842425,500,,,,paper
20260119_204845_0005,20260119_204845,2026-01-19T20:50:25.406241,BTC-PERP,RSI_v2,long,entry,92196.7,0.054231875978207465,5000.0,RSI=18.8 BB=0.28,18.766066838019157,0.28266373578180953,,,,,,,,92058.40495,92657.68349999998,500,,,,paper
20260119_204845_0006,20260119_204845,2026-01-19T20:50:25.407242,ETH-PERP,BB_v1,long,entry,3181.8450000000003,1.5714153266422468,5000.0,,7.954545454519618,0,,,,,,,,3175.48131,3191.390535,500,,,,paper
20260119_204845_0007,20260119_204845,2026-01-19T20:50:25.409242,SOL-PERP,COMBO_v1,short,entry,133.47449999999998,37.46033886622539,5000.0,RSI=98.1 BB=1.00,98.14814814818713,1,,,,,,,,133.87492349999997,132.67365299999997,500,,,,paper
20260119_204845_0008,20260119_204845,2026-01-19T20:50:25.410244,SOL-PERP,BB_v1,short,entry,133.47449999999998,37.46033886622539,5000.0,RSI=98.1 BB=1.00,98.14814814818713,1,,,,,,,,133.741449,133.0740765,500,,,,paper
20260119_205215_0001,20260119_205215,2026-01-19T20:52:21.697567,BTC-PERP,COMBO_v1,long,entry,92173.7,0.0542454083974062,5000.0,RSI=14.0 BB=0.01,14.012802560507438,0.011405407091443814,,,,,,,,91897.1789,92726.7422,500,,,,paper
20260119_205215_0002,20260119_205215,2026-01-19T20:52:21.699570,BTC-PERP,RSI_v2,long,entry,92173.7,0.0542454083974062,5000.0,RSI=14.0 BB=0.01,14.012802560507438,0.011405407091443814,,,,,,,,92035.43945,92634.5685,500,,,,paper
20260119_205215_0003,20260119_205215,2026-01-19T20:52:21.700563,BTC-PERP,BB_v1,long,entry,92173.7,0.0542454083974062,5000.0,RSI=14.0 BB=0.01,14.012802560507438,0.011405407091443814,,,,,,,,91989.3526,92450.22109999998,500,,,,paper
20260119_205215_0004,20260119_205215,2026-01-19T20:52:21.702564,ETH-PERP,COMBO_v1,long,entry,3180.425,1.5721169340575551,5000.0,RSI=8.3 BB=0.02,8.28667413213698,0.016050900872183815,,,,,,,,3170.883725,3199.5075500000003,500,,,,paper
20260119_205215_0005,20260119_205215,2026-01-19T20:52:21.703565,ETH-PERP,RSI_v2,long,entry,3180.425,1.5721169340575551,5000.0,RSI=8.3 BB=0.02,8.28667413213698,0.016050900872183815,,,,,,,,3175.6543625000004,3196.327125,500,,,,paper
20260119_205215_0006,20260119_205215,2026-01-19T20:52:21.704566,ETH-PERP,BB_v1,long,entry,3180.425,1.5721169340575551,5000.0,RSI=8.3 BB=0.02,8.28667413213698,0.016050900872183815,,,,,,,,3174.06415,3189.9662749999998,500,,,,paper
20260119_205215_0002,20260119_205215,2026-01-19T20:53:22.656727,BTC-PERP,RSI_v2,long,stop_loss,92035.43945,0.0542454083974062,5000.0,,,,,92173.7,92035.43945,-7.499999999999554,-0.14999999999999108,1,stop_loss,,,492.50000000000045,-7.499999999999554,0,1,paper
20260119_205215_0005,20260119_205215,2026-01-19T20:53:22.657727,ETH-PERP,RSI_v2,long,stop_loss,3175.6543625000004,1.5721169340575551,5000.0,,,,,3180.425,3175.6543625000004,-7.499999999999675,-0.1499999999999935,1,stop_loss,,,485.0000000000008,-14.999999999999229,0,2,paper
20260119_205215_0006,20260119_205215,2026-01-19T20:53:22.658725,ETH-PERP,BB_v1,long,stop_loss,3174.06415,1.5721169340575551,5000.0,,,,,3180.425,3174.06415,-10.000000000000043,-0.20000000000000087,1,stop_loss,,,475.00000000000074,-24.99999999999927,0,3,paper
20260119_205215_0007,20260119_205215,2026-01-19T20:53:22.660724,SOL-PERP,COMBO_v1,long,entry,133.247,37.524296982296036,5000.0,,13.774104683198729,0,,,,,,,,132.847259,134.04648200000003,475.00000000000074,,,,paper
20260119_205215_0008,20260119_205215,2026-01-19T20:53:22.662725,SOL-PERP,RSI_v2,long,entry,133.247,37.524296982296036,5000.0,,13.774104683198729,0,,,,,,,,133.0471295,133.913235,475.00000000000074,,,,paper
20260119_205215_0009,20260119_205215,2026-01-19T20:53:22.663725,SOL-PERP,BB_v1,long,entry,133.247,37.524296982296036,5000.0,,13.774104683198729,0,,,,,,,,132.98050600000002,133.646741,475.00000000000074,,,,paper
20260119_205215_0010,20260119_205215,2026-01-19T20:54:23.611283,BTC-PERP,RSI_v2,long,entry,92039.95,0.0543242363777903,5000.0,,6.07691639899285,0,,,,,,,,91901.890075,92500.14974999998,475.00000000000074,,,,paper
20260119_205215_0004,20260119_205215,2026-01-19T20:54:23.612283,ETH-PERP,COMBO_v1,long,stop_loss,3170.883725,1.5721169340575551,5000.0,,,,,3180.425,3170.883725,-15.000000000000064,-0.30000000000000127,2,stop_loss,,,460.0000000000007,-39.99999999999933,0,4,paper
20260119_205215_0011,20260119_205215,2026-01-19T20:54:23.612283,ETH-PERP,RSI_v2,long,entry,3170.105,1.57723482345222,5000.0,,2.122391227450862,0,,,,,,,,3165.3498425000002,3185.955525,460.0000000000007,,,,paper
20260119_205215_0012,20260119_205215,2026-01-19T20:54:23.614291,ETH-PERP,BB_v1,long,entry,3170.105,1.57723482345222,5000.0,,2.122391227450862,0,,,,,,,,3163.76479,3179.6153149999996,460.0000000000007,,,,paper
20260119_205508_0001,20260119_205508,2026-01-19T20:55:15.117626,BTC-PERP,COMBO_v1,long,entry,92039.5,0.054324501980128094,5000.0,,0.0046116952567558656,0,,,,,,,,91763.3815,92591.737,500,,,,paper
20260119_205508_0002,20260119_205508,2026-01-19T20:55:15.119629,BTC-PERP,RSI_v2,long,entry,92039.5,0.054324501980128094,5000.0,,0.0046116952567558656,0,,,,,,,,91901.44075000001,92499.6975,500,,,,paper
20260119_205508_0003,20260119_205508,2026-01-19T20:55:15.120629,BTC-PERP,BB_v1,long,entry,92039.5,0.054324501980128094,5000.0,,0.0046116952567558656,0,,,,,,,,91855.421,92315.6185,500,,,,paper
20260119_205508_0004,20260119_205508,2026-01-19T20:56:16.322761,ETH-PERP,COMBO_v1,long,entry,3173.855,1.575371275625383,5000.0,RSI=13.5 BB=0.09,13.499819037279536,0.0897140797876426,,,,,,,,3164.333435,3192.89813,500,,,,paper
20260119_205508_0005,20260119_205508,2026-01-19T20:56:16.324765,ETH-PERP,RSI_v2,long,entry,3173.855,1.575371275625383,5000.0,RSI=13.5 BB=0.09,13.499819037279536,0.0897140797876426,,,,,,,,3169.0942175,3189.7242749999996,500,,,,paper
20260119_205508_0006,20260119_205508,2026-01-19T20:56:16.326761,ETH-PERP,BB_v1,long,entry,3173.855,1.575371275625383,5000.0,RSI=13.5 BB=0.09,13.499819037279536,0.0897140797876426,,,,,,,,3167.50729,3183.3765649999996,500,,,,paper
20260119_205508_0007,20260119_205508,2026-01-19T20:59:20.007851,SOL-PERP,COMBO_v1,long,entry,133.3555,37.49376666129256,5000.0,RSI=23.9 BB=0.15,23.9038189533194,0.15348580868267217,,,,,,,,132.9554335,134.155633,500,,,,paper
20260119_211044_0001,20260119_211044,2026-01-19T21:11:21.344602,ETH-PERP,COMBO_v1,long,entry,3160.435,1.5820606973407143,5000.0,RSI=33.7 BB=0.11,33.67858336117651,0.10704493641924849,,,,,,,,3150.953695,3179.39761,500,,,,paper
20260119_211044_0002,20260119_211044,2026-01-19T21:11:21.346600,ETH-PERP,BB_v1,long,entry,3160.435,1.5820606973407143,5000.0,RSI=33.7 BB=0.11,33.67858336117651,0.10704493641924849,,,,,,,,3154.11413,3169.9163049999997,500,,,,paper
20260119_211044_0003,20260119_211044,2026-01-19T21:12:22.651534,ETH-PERP,RSI_v2,long,entry,3156.635,1.5839652034524105,5000.0,,6.664399863994674,0,,,,,,,,3151.9000475000003,3172.418175,500,,,,paper
20260119_211044_0004,20260119_211044,2026-01-19T21:13:27.752186,SOL-PERP,COMBO_v1,long,entry,132.656,37.691472681220596,5000.0,,0.0,0,,,,,,,,132.25803200000001,133.45193600000002,500,,,,paper
20260119_211044_0005,20260119_211044,2026-01-19T21:13:27.753189,SOL-PERP,RSI_v2,long,entry,132.656,37.691472681220596,5000.0,,0.0,0,,,,,,,,132.457016,133.31928,500,,,,paper
20260119_211044_0006,20260119_211044,2026-01-19T21:13:27.754189,SOL-PERP,BB_v1,long,entry,132.656,37.691472681220596,5000.0,,0.0,0,,,,,,,,132.390688,133.053968,500,,,,paper
